<?xml version="1.0" encoding="utf-8" standalone="yes"?>
<rss version="2.0" xmlns:atom="http://www.w3.org/2005/Atom">
  <channel>
    <title>interview on Masimpa Productions</title>
    <link>http://localhost:1313/lumina/tags/interview/</link>
    <description>Recent content in interview on Masimpa Productions</description>
    <generator>Hugo -- gohugo.io</generator>
    <language>fr</language>
    <copyright>Copyright © 2023 Masimpa Productions</copyright>
    <lastBuildDate>Thu, 15 Jul 2021 00:00:00 +0000</lastBuildDate><atom:link href="http://localhost:1313/lumina/tags/interview/index.xml" rel="self" type="application/rss+xml" />
    <item>
      <title>Interview</title>
      <link>http://localhost:1313/lumina/projects/interview/</link>
      <pubDate>Thu, 15 Jul 2021 00:00:00 +0000</pubDate>
      
      <guid>http://localhost:1313/lumina/projects/interview/</guid>
      <description>blabla interview</description>
    </item>
    
    <item>
      <title>Scénarios</title>
      <link>http://localhost:1313/lumina/projets/scenarios/</link>
      <pubDate>Thu, 15 Jul 2021 00:00:00 +0000</pubDate>
      
      <guid>http://localhost:1313/lumina/projets/scenarios/</guid>
      <description>&amp;nbsp;
Voici ce que vous pouvez écrire sur votre site à destination des clients concernant l&#39;accompagnement à l&#39;écriture de scénarios :&amp;nbsp;
Titre : &#34;Donnez vie à vos histoires avec notre accompagnement à l&#39;écriture de scénarios&#34;&amp;nbsp;
Paragraphe 1 :&amp;nbsp;
Chez [Nom de votre entreprise], nous sommes passionnés par l&#39;art de raconter des histoires. Nous offrons un accompagnement personnalisé pour vous aider à développer et à écrire vos scénarios, que ce soit pour le cinéma, la télévision ou d&#39;autres médias.</description>
    </item>
    
  </channel>
</rss>
