<?xml version="1.0" encoding="utf-8" standalone="yes"?>
<rss version="2.0" xmlns:atom="http://www.w3.org/2005/Atom">
  <channel>
    <title>Tags on Masimpa Productions</title>
    <link>http://www.masimpa.com/en/tags/</link>
    <description>Recent content in Tags on Masimpa Productions</description>
    <generator>Hugo -- gohugo.io</generator>
    <language>en</language>
    <copyright>Copyright © 2023 Masimpa Productions</copyright>
    <lastBuildDate>Sat, 20 May 2023 00:00:00 +0000</lastBuildDate><atom:link href="http://www.masimpa.com/en/tags/index.xml" rel="self" type="application/rss+xml" />
    <item>
      <title>business</title>
      <link>http://www.masimpa.com/en/tags/business/</link>
      <pubDate>Sat, 20 May 2023 00:00:00 +0000</pubDate>
      
      <guid>http://www.masimpa.com/en/tags/business/</guid>
      <description></description>
    </item>
    
    <item>
      <title>event</title>
      <link>http://www.masimpa.com/en/tags/event/</link>
      <pubDate>Sat, 20 May 2023 00:00:00 +0000</pubDate>
      
      <guid>http://www.masimpa.com/en/tags/event/</guid>
      <description></description>
    </item>
    
    <item>
      <title>interview</title>
      <link>http://www.masimpa.com/en/tags/interview/</link>
      <pubDate>Sat, 20 May 2023 00:00:00 +0000</pubDate>
      
      <guid>http://www.masimpa.com/en/tags/interview/</guid>
      <description></description>
    </item>
    
    <item>
      <title>marriage</title>
      <link>http://www.masimpa.com/en/tags/marriage/</link>
      <pubDate>Sat, 20 May 2023 00:00:00 +0000</pubDate>
      
      <guid>http://www.masimpa.com/en/tags/marriage/</guid>
      <description></description>
    </item>
    
  </channel>
</rss>
