<?xml version="1.0" encoding="utf-8" standalone="yes"?>
<rss version="2.0" xmlns:atom="http://www.w3.org/2005/Atom">
  <channel>
    <title>Tags on Masimpa Productions</title>
    <link>http://www.masimpa.com/tags/</link>
    <description>Recent content in Tags on Masimpa Productions</description>
    <generator>Hugo -- gohugo.io</generator>
    <language>fr</language>
    <copyright>Copyright © 2023 Masimpa Productions</copyright>
    <lastBuildDate>Thu, 15 Jul 2021 00:00:00 +0000</lastBuildDate><atom:link href="http://www.masimpa.com/tags/index.xml" rel="self" type="application/rss+xml" />
    <item>
      <title>entreprise</title>
      <link>http://www.masimpa.com/tags/entreprise/</link>
      <pubDate>Thu, 15 Jul 2021 00:00:00 +0000</pubDate>
      
      <guid>http://www.masimpa.com/tags/entreprise/</guid>
      <description></description>
    </item>
    
    <item>
      <title>evenement</title>
      <link>http://www.masimpa.com/tags/evenement/</link>
      <pubDate>Thu, 15 Jul 2021 00:00:00 +0000</pubDate>
      
      <guid>http://www.masimpa.com/tags/evenement/</guid>
      <description></description>
    </item>
    
    <item>
      <title>interview</title>
      <link>http://www.masimpa.com/tags/interview/</link>
      <pubDate>Thu, 15 Jul 2021 00:00:00 +0000</pubDate>
      
      <guid>http://www.masimpa.com/tags/interview/</guid>
      <description></description>
    </item>
    
    <item>
      <title>mariage</title>
      <link>http://www.masimpa.com/tags/mariage/</link>
      <pubDate>Thu, 15 Jul 2021 00:00:00 +0000</pubDate>
      
      <guid>http://www.masimpa.com/tags/mariage/</guid>
      <description></description>
    </item>
    
  </channel>
</rss>
