<?xml version="1.0" encoding="utf-8" standalone="yes"?>
<rss version="2.0" xmlns:atom="http://www.w3.org/2005/Atom">
  <channel>
    <title>Productions on Fide Films</title>
    <link>http://localhost:1313/lumina/blog/</link>
    <description>Recent content in Productions on Fide Films</description>
    <generator>Hugo -- gohugo.io</generator>
    <language>fr</language>
    <copyright>Copyright © 2023 Fide Films</copyright><atom:link href="http://localhost:1313/lumina/blog/index.xml" rel="self" type="application/rss+xml" />
    <item>
      <title>Titre Vidéo 1</title>
      <link>http://localhost:1313/lumina/blog/realisation_1/</link>
      <pubDate>Sat, 20 May 2023 00:00:00 +0000</pubDate>
      
      <guid>http://localhost:1313/lumina/blog/realisation_1/</guid>
      <description>blablabla</description>
    </item>
    
    <item>
      <title>Titre Vidéo 10</title>
      <link>http://localhost:1313/lumina/blog/realisation_10/</link>
      <pubDate>Sat, 20 May 2023 00:00:00 +0000</pubDate>
      
      <guid>http://localhost:1313/lumina/blog/realisation_10/</guid>
      <description>blablabla</description>
    </item>
    
    <item>
      <title>Titre Vidéo 2</title>
      <link>http://localhost:1313/lumina/blog/realisation_2/</link>
      <pubDate>Sat, 20 May 2023 00:00:00 +0000</pubDate>
      
      <guid>http://localhost:1313/lumina/blog/realisation_2/</guid>
      <description>blablabla</description>
    </item>
    
    <item>
      <title>Titre Vidéo 3</title>
      <link>http://localhost:1313/lumina/blog/realisation_3/</link>
      <pubDate>Sat, 20 May 2023 00:00:00 +0000</pubDate>
      
      <guid>http://localhost:1313/lumina/blog/realisation_3/</guid>
      <description>blablabla</description>
    </item>
    
    <item>
      <title>Titre Vidéo 4</title>
      <link>http://localhost:1313/lumina/blog/realisation_4/</link>
      <pubDate>Sat, 20 May 2023 00:00:00 +0000</pubDate>
      
      <guid>http://localhost:1313/lumina/blog/realisation_4/</guid>
      <description>blablabla</description>
    </item>
    
    <item>
      <title>Titre Vidéo 5</title>
      <link>http://localhost:1313/lumina/blog/realisation_5/</link>
      <pubDate>Sat, 20 May 2023 00:00:00 +0000</pubDate>
      
      <guid>http://localhost:1313/lumina/blog/realisation_5/</guid>
      <description>blablabla</description>
    </item>
    
    <item>
      <title>Titre Vidéo 6</title>
      <link>http://localhost:1313/lumina/blog/realisation_6/</link>
      <pubDate>Sat, 20 May 2023 00:00:00 +0000</pubDate>
      
      <guid>http://localhost:1313/lumina/blog/realisation_6/</guid>
      <description>blablabla</description>
    </item>
    
    <item>
      <title>Titre Vidéo 7</title>
      <link>http://localhost:1313/lumina/blog/realisation_7/</link>
      <pubDate>Sat, 20 May 2023 00:00:00 +0000</pubDate>
      
      <guid>http://localhost:1313/lumina/blog/realisation_7/</guid>
      <description>blablabla</description>
    </item>
    
    <item>
      <title>Titre Vidéo 8</title>
      <link>http://localhost:1313/lumina/blog/realisation_8/</link>
      <pubDate>Sat, 20 May 2023 00:00:00 +0000</pubDate>
      
      <guid>http://localhost:1313/lumina/blog/realisation_8/</guid>
      <description>blablabla</description>
    </item>
    
    <item>
      <title>Titre Vidéo 9</title>
      <link>http://localhost:1313/lumina/blog/realisation_9/</link>
      <pubDate>Sat, 20 May 2023 00:00:00 +0000</pubDate>
      
      <guid>http://localhost:1313/lumina/blog/realisation_9/</guid>
      <description>blablabla</description>
    </item>
    
  </channel>
</rss>
