<?xml version="1.0" encoding="utf-8" standalone="yes"?>
<rss version="2.0" xmlns:atom="http://www.w3.org/2005/Atom">
  <channel>
    <title>business on Masimpa Productions</title>
    <link>http://localhost:1313/lumina/en/tags/business/</link>
    <description>Recent content in business on Masimpa Productions</description>
    <generator>Hugo -- gohugo.io</generator>
    <language>en</language>
    <copyright>Copyright © 2023 Masimpa Productions</copyright>
    <lastBuildDate>Sat, 20 May 2023 00:00:00 +0000</lastBuildDate><atom:link href="http://localhost:1313/lumina/en/tags/business/index.xml" rel="self" type="application/rss+xml" />
    <item>
      <title>Titre Vidéo 10 anglais</title>
      <link>http://localhost:1313/lumina/en/blog/realisation_10/</link>
      <pubDate>Sat, 20 May 2023 00:00:00 +0000</pubDate>
      
      <guid>http://localhost:1313/lumina/en/blog/realisation_10/</guid>
      <description>blablabla anglais</description>
    </item>
    
    <item>
      <title>Titre Vidéo 2 anglais</title>
      <link>http://localhost:1313/lumina/en/blog/realisation_2/</link>
      <pubDate>Sat, 20 May 2023 00:00:00 +0000</pubDate>
      
      <guid>http://localhost:1313/lumina/en/blog/realisation_2/</guid>
      <description>blablabla anglais</description>
    </item>
    
    <item>
      <title>Titre Vidéo 7 anglais</title>
      <link>http://localhost:1313/lumina/en/blog/realisation_7/</link>
      <pubDate>Sat, 20 May 2023 00:00:00 +0000</pubDate>
      
      <guid>http://localhost:1313/lumina/en/blog/realisation_7/</guid>
      <description>blablabla anglais</description>
    </item>
    
    <item>
      <title>Business</title>
      <link>http://localhost:1313/lumina/en/projects/entreprise/</link>
      <pubDate>Thu, 15 Jul 2021 00:00:00 +0000</pubDate>
      
      <guid>http://localhost:1313/lumina/en/projects/entreprise/</guid>
      <description>blabla évenement anglais</description>
    </item>
    
  </channel>
</rss>
