<?xml version="1.0" encoding="utf-8" standalone="yes"?>
<rss version="2.0" xmlns:atom="http://www.w3.org/2005/Atom">
  <channel>
    <title>event on Masimpa Productions</title>
    <link>http://localhost:1313/lumina/en/tags/event/</link>
    <description>Recent content in event on Masimpa Productions</description>
    <generator>Hugo -- gohugo.io</generator>
    <language>en</language>
    <copyright>Copyright © 2023 Masimpa Productions</copyright>
    <lastBuildDate>Sat, 20 May 2023 00:00:00 +0000</lastBuildDate><atom:link href="http://localhost:1313/lumina/en/tags/event/index.xml" rel="self" type="application/rss+xml" />
    <item>
      <title>Titre Vidéo 3 anglais</title>
      <link>http://localhost:1313/lumina/en/blog/realisation_3/</link>
      <pubDate>Sat, 20 May 2023 00:00:00 +0000</pubDate>
      
      <guid>http://localhost:1313/lumina/en/blog/realisation_3/</guid>
      <description>blablabla anglais</description>
    </item>
    
    <item>
      <title>Titre Vidéo 5 anglais</title>
      <link>http://localhost:1313/lumina/en/blog/realisation_5/</link>
      <pubDate>Sat, 20 May 2023 00:00:00 +0000</pubDate>
      
      <guid>http://localhost:1313/lumina/en/blog/realisation_5/</guid>
      <description>blablabla anglais</description>
    </item>
    
    <item>
      <title>Event</title>
      <link>http://localhost:1313/lumina/en/projects/evenements/</link>
      <pubDate>Thu, 15 Jul 2021 00:00:00 +0000</pubDate>
      
      <guid>http://localhost:1313/lumina/en/projects/evenements/</guid>
      <description>blabla évenement anglais</description>
    </item>
    
  </channel>
</rss>
