<?xml version="1.0" encoding="utf-8" standalone="yes"?>
<rss version="2.0" xmlns:atom="http://www.w3.org/2005/Atom">
  <channel>
    <title>Productions on Masimpa Productions</title>
    <link>http://www.masimpa.com/productions/</link>
    <description>Recent content in Productions on Masimpa Productions</description>
    <generator>Hugo -- gohugo.io</generator>
    <language>fr</language>
    <copyright>Copyright © 2023 Masimpa Productions</copyright><atom:link href="http://www.masimpa.com/productions/index.xml" rel="self" type="application/rss+xml" />
    <item>
      <title>45850</title>
      <link>http://www.masimpa.com/productions/45850/</link>
      <pubDate>Sat, 20 May 2023 00:00:00 +0000</pubDate>
      
      <guid>http://www.masimpa.com/productions/45850/</guid>
      <description>&amp;nbsp;
&amp;nbsp;
Un condamn&amp;eacute; &amp;agrave; mort attend son ex&amp;eacute;cution &amp;ndash; chaque jour &amp;ndash; depuis une trentaine d&amp;apos;ann&amp;eacute;es. Un jour, une jeune inconnue lui rend visite dans sa cellule.
&amp;nbsp;
Librement inspir&amp;eacute; du roman de Victor Hugo, Le dernier jour d&amp;apos;un condamn&amp;eacute;.
&amp;nbsp;
R&amp;eacute;alisateur&amp;nbsp;: Horia Pop
Auteur&amp;nbsp;: Horia Pop
Casting&amp;nbsp;: Horia Pop, assist&amp;eacute; de Marion Zantedeschi, Tiffany Sanda
&amp;nbsp;
Festival de Istanbul International Spring Film Festival &amp;ndash; Mention d&amp;apos;Honneur
Festival de Black Cat International Film Festival &amp;ndash; S&amp;eacute;lection Officielle</description>
    </item>
    
    <item>
      <title>Cave La Madeleine</title>
      <link>http://www.masimpa.com/productions/madelaine/</link>
      <pubDate>Sat, 20 May 2023 00:00:00 +0000</pubDate>
      
      <guid>http://www.masimpa.com/productions/madelaine/</guid>
      <description>&amp;nbsp;
&amp;nbsp;
Un domaine viticole familial niché entre Manosque et Volx – au Sud des Alpes – sur des pentes bien drainées exposées sud-est. Ici, la tradition se mêle intensément à la passion pour le vin, décliné en Rouge, en Blanc ou Rosé, – pour un voyage authentique.
&amp;nbsp;
Cr&amp;eacute;ation originale : Horia Pop
Captation : Lucas Yahiaoui-Bernole
Montage : Horia Pop
Musique : Henri Salvador, Ma petite fleur.</description>
    </item>
    
    <item>
      <title>Célestin</title>
      <link>http://www.masimpa.com/productions/celestin/</link>
      <pubDate>Sat, 20 May 2023 00:00:00 +0000</pubDate>
      
      <guid>http://www.masimpa.com/productions/celestin/</guid>
      <description>&amp;nbsp;
&amp;nbsp;
C&amp;eacute;lestin, jeune homme na&amp;iuml;f et plein d&amp;apos;imagination r&amp;ecirc;ve d&amp;apos;obtenir enfin son premier r&amp;ocirc;le au cin&amp;eacute;ma. Mais sur la route vers la gloire, il y a les castings, les directeurs de castings et... une demi-moustache terriblement embarrassante&amp;nbsp;!
&amp;nbsp;
Librement inspir&amp;eacute; d&amp;apos;un &amp;eacute;pisode de ma vie.
&amp;nbsp;
R&amp;eacute;alisateur&amp;nbsp;: Horia Pop
Auteur&amp;nbsp;: Horia Pop
Casting : Horia Pop, assist&amp;eacute; de Marion Zantedeschi
&amp;nbsp;
&amp;nbsp;</description>
    </item>
    
    <item>
      <title>Dans ma cabane</title>
      <link>http://www.masimpa.com/productions/dans_ma_cabane/</link>
      <pubDate>Sat, 20 May 2023 00:00:00 +0000</pubDate>
      
      <guid>http://www.masimpa.com/productions/dans_ma_cabane/</guid>
      <description>&amp;nbsp;
&amp;nbsp;
&amp;laquo;&amp;nbsp;Je grandis, je me transforme&amp;hellip; La m&amp;eacute;tamorphose op&amp;egrave;re au fil du temps et des saisons. Les habits sont devenus trop petits, c&amp;rsquo;est ma construction qui se poursuit. Au pied de l&amp;rsquo;arbre d&amp;rsquo;o&amp;ugrave; tombent les feuilles et sortent les bribes d&amp;rsquo;une vie d&amp;rsquo;enfant, se fabrique ma cabane, fragile et provisoire. Les feuilles rentrent par la fen&amp;ecirc;tre, les fruits tombent des branches, la cabane se fabrique et se d&amp;eacute;place pendant que l&amp;rsquo;arbre prolonge ses racines pour ancrer mon histoire.</description>
    </item>
    
    <item>
      <title>Toute rencontre est un mystère divin</title>
      <link>http://www.masimpa.com/productions/batiste_celine/</link>
      <pubDate>Sat, 20 May 2023 00:00:00 +0000</pubDate>
      
      <guid>http://www.masimpa.com/productions/batiste_celine/</guid>
      <description>&amp;nbsp;
&amp;nbsp;
En partant de photos et de vid&amp;eacute;os de famille, des ann&amp;eacute;es 1980 &amp;agrave; aujourd&amp;apos;hui, &amp;ndash; ce petit film de mariage se laisse voir et entendre sans mod&amp;eacute;ration ! Les rires et les larmes s&amp;apos;entrem&amp;ecirc;lent dans ce voyage d&amp;apos;amour &amp;ndash; pour le plaisir des petits et des plus grands...
&amp;nbsp;
Cr&amp;eacute;ation originale :&amp;nbsp;Horia Pop
Montage&amp;nbsp;: Horia Pop
Montage : Horia Pop
Musique : Aguirre Pt1 Popol Vuh ; His morning promenade de Chaplin ; Hora Primaverii, musique</description>
    </item>
    
  </channel>
</rss>
