<?xml version="1.0" encoding="utf-8" standalone="yes"?>
<rss version="2.0" xmlns:atom="http://www.w3.org/2005/Atom">
  <channel>
    <title>mariage on Masimpa Productions</title>
    <link>http://www.masimpa.com/tags/mariage/</link>
    <description>Recent content in mariage on Masimpa Productions</description>
    <generator>Hugo -- gohugo.io</generator>
    <language>fr</language>
    <copyright>Copyright © 2023 Masimpa Productions</copyright>
    <lastBuildDate>Thu, 15 Jul 2021 00:00:00 +0000</lastBuildDate><atom:link href="http://www.masimpa.com/tags/mariage/index.xml" rel="self" type="application/rss+xml" />
    <item>
      <title>Biographies</title>
      <link>http://www.masimpa.com/projets/biographies/</link>
      <pubDate>Thu, 15 Jul 2021 00:00:00 +0000</pubDate>
      
      <guid>http://www.masimpa.com/projets/biographies/</guid>
      <description>Voici ce que vous pouvez écrire sur votre site à destination des clients concernant la création de films biographiques où les personnes parlent d&amp;rsquo;elles-mêmes pour laisser une trace :
&amp;nbsp;
Titre : &#34;Immortalisez votre histoire avec nos films biographiques personnalisés&#34;&amp;nbsp;
Paragraphe 1 :&amp;nbsp;
Chez [Nom de votre entreprise], nous croyons en l&#39;importance de préserver les histoires et les expériences de vie uniques. Nos films biographiques personnalisés vous permettent de raconter votre propre histoire, de partager vos souvenirs et de laisser une trace pour les générations futures.</description>
    </item>
    
    <item>
      <title>Mariage</title>
      <link>http://www.masimpa.com/projects/mariage/</link>
      <pubDate>Thu, 15 Jul 2021 00:00:00 +0000</pubDate>
      
      <guid>http://www.masimpa.com/projects/mariage/</guid>
      <description>blabla mariage</description>
    </item>
    
    <item>
      <title>Mariages</title>
      <link>http://www.masimpa.com/projets/mariages/</link>
      <pubDate>Thu, 15 Jul 2021 00:00:00 +0000</pubDate>
      
      <guid>http://www.masimpa.com/projets/mariages/</guid>
      <description>Si vous cherchez à immortaliser vos événements familiaux tels que les mariages, les anniversaires ou autres, la production de films est un excellent moyen de capturer ces moments précieux. Voici ce que vous devez savoir sur la production de films pour les événements familiaux :
&amp;nbsp;
Les différents types de films pour les événements familiaux :&amp;nbsp;
Il existe plusieurs types de films pour les événements familiaux, notamment :&amp;nbsp;</description>
    </item>
    
  </channel>
</rss>
