<?xml version="1.0" encoding="utf-8" standalone="yes"?>
<rss version="2.0" xmlns:atom="http://www.w3.org/2005/Atom">
  <channel>
    <title>entreprise on Masimpa Productions</title>
    <link>http://localhost:1313/lumina/tags/entreprise/</link>
    <description>Recent content in entreprise on Masimpa Productions</description>
    <generator>Hugo -- gohugo.io</generator>
    <language>fr</language>
    <copyright>Copyright © 2023 Masimpa Productions</copyright>
    <lastBuildDate>Thu, 15 Jul 2021 00:00:00 +0000</lastBuildDate><atom:link href="http://localhost:1313/lumina/tags/entreprise/index.xml" rel="self" type="application/rss+xml" />
    <item>
      <title>Entreprise</title>
      <link>http://localhost:1313/lumina/projects/entreprise/</link>
      <pubDate>Thu, 15 Jul 2021 00:00:00 +0000</pubDate>
      
      <guid>http://localhost:1313/lumina/projects/entreprise/</guid>
      <description>blabla évenement</description>
    </item>
    
  </channel>
</rss>
