<?xml version="1.0" encoding="utf-8" standalone="yes"?>
<rss version="2.0" xmlns:atom="http://www.w3.org/2005/Atom">
  <channel>
    <title>Productions on Masimpa Productions</title>
    <link>http://www.masimpa.com/en/projects/</link>
    <description>Recent content in Productions on Masimpa Productions</description>
    <generator>Hugo -- gohugo.io</generator>
    <language>en</language>
    <copyright>Copyright © 2023 Masimpa Productions</copyright><atom:link href="http://www.masimpa.com/en/projects/index.xml" rel="self" type="application/rss+xml" />
    <item>
      <title>Business</title>
      <link>http://www.masimpa.com/en/projects/entreprise/</link>
      <pubDate>Thu, 15 Jul 2021 00:00:00 +0000</pubDate>
      
      <guid>http://www.masimpa.com/en/projects/entreprise/</guid>
      <description>blabla évenement anglais</description>
    </item>
    
    <item>
      <title>Event</title>
      <link>http://www.masimpa.com/en/projects/evenements/</link>
      <pubDate>Thu, 15 Jul 2021 00:00:00 +0000</pubDate>
      
      <guid>http://www.masimpa.com/en/projects/evenements/</guid>
      <description>blabla évenement anglais</description>
    </item>
    
    <item>
      <title>Interview</title>
      <link>http://www.masimpa.com/en/projects/interview/</link>
      <pubDate>Thu, 15 Jul 2021 00:00:00 +0000</pubDate>
      
      <guid>http://www.masimpa.com/en/projects/interview/</guid>
      <description>blabla interview anglais</description>
    </item>
    
    <item>
      <title>Marriage</title>
      <link>http://www.masimpa.com/en/projects/mariage/</link>
      <pubDate>Thu, 15 Jul 2021 00:00:00 +0000</pubDate>
      
      <guid>http://www.masimpa.com/en/projects/mariage/</guid>
      <description>blabla mariage anglais</description>
    </item>
    
  </channel>
</rss>
