<?xml version="1.0" encoding="utf-8" standalone="yes"?>
<rss version="2.0" xmlns:atom="http://www.w3.org/2005/Atom">
  <channel>
    <title>Masimpa Productions</title>
    <link>http://localhost:1313/lumina/en/</link>
    <description>Recent content on Masimpa Productions</description>
    <generator>Hugo -- gohugo.io</generator>
    <language>en</language>
    <copyright>Copyright © 2023 Masimpa Productions</copyright><atom:link href="http://localhost:1313/lumina/en/index.xml" rel="self" type="application/rss+xml" />
    <item>
      <title>Titre Vidéo 1 anglais</title>
      <link>http://localhost:1313/lumina/en/blog/realisation_1/</link>
      <pubDate>Sat, 20 May 2023 00:00:00 +0000</pubDate>
      
      <guid>http://localhost:1313/lumina/en/blog/realisation_1/</guid>
      <description>blablabla anglais</description>
    </item>
    
    <item>
      <title>Titre Vidéo 10 anglais</title>
      <link>http://localhost:1313/lumina/en/blog/realisation_10/</link>
      <pubDate>Sat, 20 May 2023 00:00:00 +0000</pubDate>
      
      <guid>http://localhost:1313/lumina/en/blog/realisation_10/</guid>
      <description>blablabla anglais</description>
    </item>
    
    <item>
      <title>Titre Vidéo 2 anglais</title>
      <link>http://localhost:1313/lumina/en/blog/realisation_2/</link>
      <pubDate>Sat, 20 May 2023 00:00:00 +0000</pubDate>
      
      <guid>http://localhost:1313/lumina/en/blog/realisation_2/</guid>
      <description>blablabla anglais</description>
    </item>
    
    <item>
      <title>Titre Vidéo 3 anglais</title>
      <link>http://localhost:1313/lumina/en/blog/realisation_3/</link>
      <pubDate>Sat, 20 May 2023 00:00:00 +0000</pubDate>
      
      <guid>http://localhost:1313/lumina/en/blog/realisation_3/</guid>
      <description>blablabla anglais</description>
    </item>
    
    <item>
      <title>Titre Vidéo 4 anglais</title>
      <link>http://localhost:1313/lumina/en/blog/realisation_4/</link>
      <pubDate>Sat, 20 May 2023 00:00:00 +0000</pubDate>
      
      <guid>http://localhost:1313/lumina/en/blog/realisation_4/</guid>
      <description>blablabla anglais</description>
    </item>
    
    <item>
      <title>Titre Vidéo 5 anglais</title>
      <link>http://localhost:1313/lumina/en/blog/realisation_5/</link>
      <pubDate>Sat, 20 May 2023 00:00:00 +0000</pubDate>
      
      <guid>http://localhost:1313/lumina/en/blog/realisation_5/</guid>
      <description>blablabla anglais</description>
    </item>
    
    <item>
      <title>Titre Vidéo 6 anglais</title>
      <link>http://localhost:1313/lumina/en/blog/realisation_6/</link>
      <pubDate>Sat, 20 May 2023 00:00:00 +0000</pubDate>
      
      <guid>http://localhost:1313/lumina/en/blog/realisation_6/</guid>
      <description>blablabla anglais</description>
    </item>
    
    <item>
      <title>Titre Vidéo 7 anglais</title>
      <link>http://localhost:1313/lumina/en/blog/realisation_7/</link>
      <pubDate>Sat, 20 May 2023 00:00:00 +0000</pubDate>
      
      <guid>http://localhost:1313/lumina/en/blog/realisation_7/</guid>
      <description>blablabla anglais</description>
    </item>
    
    <item>
      <title>Titre Vidéo 8 anglais</title>
      <link>http://localhost:1313/lumina/en/blog/realisation_8/</link>
      <pubDate>Sat, 20 May 2023 00:00:00 +0000</pubDate>
      
      <guid>http://localhost:1313/lumina/en/blog/realisation_8/</guid>
      <description>blablabla anglais</description>
    </item>
    
    <item>
      <title>Titre Vidéo 9 anglais</title>
      <link>http://localhost:1313/lumina/en/blog/realisation_9/</link>
      <pubDate>Sat, 20 May 2023 00:00:00 +0000</pubDate>
      
      <guid>http://localhost:1313/lumina/en/blog/realisation_9/</guid>
      <description>blablabla anglais</description>
    </item>
    
    <item>
      <title>About</title>
      <link>http://localhost:1313/lumina/en/about/</link>
      <pubDate>Mon, 11 Apr 2022 00:00:00 +0000</pubDate>
      
      <guid>http://localhost:1313/lumina/en/about/</guid>
      <description>Horia POPblablabla anglais
Sebastien CIERblablabla anglais</description>
    </item>
    
    <item>
      <title>Galery</title>
      <link>http://localhost:1313/lumina/en/galery/</link>
      <pubDate>Mon, 11 Apr 2022 00:00:00 +0000</pubDate>
      
      <guid>http://localhost:1313/lumina/en/galery/</guid>
      <description>slide 1slide 2slide 3PreviousNext</description>
    </item>
    
    <item>
      <title>Business</title>
      <link>http://localhost:1313/lumina/en/projects/entreprise/</link>
      <pubDate>Thu, 15 Jul 2021 00:00:00 +0000</pubDate>
      
      <guid>http://localhost:1313/lumina/en/projects/entreprise/</guid>
      <description>blabla évenement anglais</description>
    </item>
    
    <item>
      <title>Event</title>
      <link>http://localhost:1313/lumina/en/projects/evenements/</link>
      <pubDate>Thu, 15 Jul 2021 00:00:00 +0000</pubDate>
      
      <guid>http://localhost:1313/lumina/en/projects/evenements/</guid>
      <description>blabla évenement anglais</description>
    </item>
    
    <item>
      <title>Interview</title>
      <link>http://localhost:1313/lumina/en/projects/interview/</link>
      <pubDate>Thu, 15 Jul 2021 00:00:00 +0000</pubDate>
      
      <guid>http://localhost:1313/lumina/en/projects/interview/</guid>
      <description>blabla interview anglais</description>
    </item>
    
    <item>
      <title>Marriage</title>
      <link>http://localhost:1313/lumina/en/projects/mariage/</link>
      <pubDate>Thu, 15 Jul 2021 00:00:00 +0000</pubDate>
      
      <guid>http://localhost:1313/lumina/en/projects/mariage/</guid>
      <description>blabla mariage anglais</description>
    </item>
    
    <item>
      <title></title>
      <link>http://localhost:1313/lumina/en/browserconfig.xml</link>
      <pubDate>Mon, 01 Jan 0001 00:00:00 +0000</pubDate>
      
      <guid>http://localhost:1313/lumina/en/browserconfig.xml</guid>
      <description></description>
    </item>
    
    <item>
      <title>Contact</title>
      <link>http://localhost:1313/lumina/en/contact/</link>
      <pubDate>Mon, 01 Jan 0001 00:00:00 +0000</pubDate>
      
      <guid>http://localhost:1313/lumina/en/contact/</guid>
      <description>Please fill in the fields below to send us an email
Your NameEmail AddressMessage</description>
    </item>
    
  </channel>
</rss>
