<?xml version="1.0" encoding="utf-8" standalone="yes"?>
<rss version="2.0" xmlns:atom="http://www.w3.org/2005/Atom">
  <channel>
    <title>Achievements on Masimpa Productions</title>
    <link>http://www.masimpa.com/en/blog/</link>
    <description>Recent content in Achievements on Masimpa Productions</description>
    <generator>Hugo -- gohugo.io</generator>
    <language>en</language>
    <copyright>Copyright © 2023 Masimpa Productions</copyright><atom:link href="http://www.masimpa.com/en/blog/index.xml" rel="self" type="application/rss+xml" />
    <item>
      <title>Titre Vidéo 1 anglais</title>
      <link>http://www.masimpa.com/en/blog/realisation_1/</link>
      <pubDate>Sat, 20 May 2023 00:00:00 +0000</pubDate>
      
      <guid>http://www.masimpa.com/en/blog/realisation_1/</guid>
      <description>blablabla anglais</description>
    </item>
    
    <item>
      <title>Titre Vidéo 10 anglais</title>
      <link>http://www.masimpa.com/en/blog/realisation_10/</link>
      <pubDate>Sat, 20 May 2023 00:00:00 +0000</pubDate>
      
      <guid>http://www.masimpa.com/en/blog/realisation_10/</guid>
      <description>blablabla anglais</description>
    </item>
    
    <item>
      <title>Titre Vidéo 2 anglais</title>
      <link>http://www.masimpa.com/en/blog/realisation_2/</link>
      <pubDate>Sat, 20 May 2023 00:00:00 +0000</pubDate>
      
      <guid>http://www.masimpa.com/en/blog/realisation_2/</guid>
      <description>blablabla anglais</description>
    </item>
    
    <item>
      <title>Titre Vidéo 3 anglais</title>
      <link>http://www.masimpa.com/en/blog/realisation_3/</link>
      <pubDate>Sat, 20 May 2023 00:00:00 +0000</pubDate>
      
      <guid>http://www.masimpa.com/en/blog/realisation_3/</guid>
      <description>blablabla anglais</description>
    </item>
    
    <item>
      <title>Titre Vidéo 4 anglais</title>
      <link>http://www.masimpa.com/en/blog/realisation_4/</link>
      <pubDate>Sat, 20 May 2023 00:00:00 +0000</pubDate>
      
      <guid>http://www.masimpa.com/en/blog/realisation_4/</guid>
      <description>blablabla anglais</description>
    </item>
    
    <item>
      <title>Titre Vidéo 5 anglais</title>
      <link>http://www.masimpa.com/en/blog/realisation_5/</link>
      <pubDate>Sat, 20 May 2023 00:00:00 +0000</pubDate>
      
      <guid>http://www.masimpa.com/en/blog/realisation_5/</guid>
      <description>blablabla anglais</description>
    </item>
    
    <item>
      <title>Titre Vidéo 6 anglais</title>
      <link>http://www.masimpa.com/en/blog/realisation_6/</link>
      <pubDate>Sat, 20 May 2023 00:00:00 +0000</pubDate>
      
      <guid>http://www.masimpa.com/en/blog/realisation_6/</guid>
      <description>blablabla anglais</description>
    </item>
    
    <item>
      <title>Titre Vidéo 7 anglais</title>
      <link>http://www.masimpa.com/en/blog/realisation_7/</link>
      <pubDate>Sat, 20 May 2023 00:00:00 +0000</pubDate>
      
      <guid>http://www.masimpa.com/en/blog/realisation_7/</guid>
      <description>blablabla anglais</description>
    </item>
    
    <item>
      <title>Titre Vidéo 8 anglais</title>
      <link>http://www.masimpa.com/en/blog/realisation_8/</link>
      <pubDate>Sat, 20 May 2023 00:00:00 +0000</pubDate>
      
      <guid>http://www.masimpa.com/en/blog/realisation_8/</guid>
      <description>blablabla anglais</description>
    </item>
    
    <item>
      <title>Titre Vidéo 9 anglais</title>
      <link>http://www.masimpa.com/en/blog/realisation_9/</link>
      <pubDate>Sat, 20 May 2023 00:00:00 +0000</pubDate>
      
      <guid>http://www.masimpa.com/en/blog/realisation_9/</guid>
      <description>blablabla anglais</description>
    </item>
    
  </channel>
</rss>
