<?xml version="1.0" encoding="utf-8" standalone="yes"?>
<rss version="2.0" xmlns:atom="http://www.w3.org/2005/Atom">
  <channel>
    <title>marriage on Masimpa Productions</title>
    <link>http://www.masimpa.com/en/tags/marriage/</link>
    <description>Recent content in marriage on Masimpa Productions</description>
    <generator>Hugo -- gohugo.io</generator>
    <language>en</language>
    <copyright>Copyright © 2023 Masimpa Productions</copyright>
    <lastBuildDate>Sat, 20 May 2023 00:00:00 +0000</lastBuildDate><atom:link href="http://www.masimpa.com/en/tags/marriage/index.xml" rel="self" type="application/rss+xml" />
    <item>
      <title>Titre Vidéo 1 anglais</title>
      <link>http://www.masimpa.com/en/blog/realisation_1/</link>
      <pubDate>Sat, 20 May 2023 00:00:00 +0000</pubDate>
      
      <guid>http://www.masimpa.com/en/blog/realisation_1/</guid>
      <description>blablabla anglais</description>
    </item>
    
    <item>
      <title>Titre Vidéo 4 anglais</title>
      <link>http://www.masimpa.com/en/blog/realisation_4/</link>
      <pubDate>Sat, 20 May 2023 00:00:00 +0000</pubDate>
      
      <guid>http://www.masimpa.com/en/blog/realisation_4/</guid>
      <description>blablabla anglais</description>
    </item>
    
    <item>
      <title>Titre Vidéo 6 anglais</title>
      <link>http://www.masimpa.com/en/blog/realisation_6/</link>
      <pubDate>Sat, 20 May 2023 00:00:00 +0000</pubDate>
      
      <guid>http://www.masimpa.com/en/blog/realisation_6/</guid>
      <description>blablabla anglais</description>
    </item>
    
    <item>
      <title>Titre Vidéo 9 anglais</title>
      <link>http://www.masimpa.com/en/blog/realisation_9/</link>
      <pubDate>Sat, 20 May 2023 00:00:00 +0000</pubDate>
      
      <guid>http://www.masimpa.com/en/blog/realisation_9/</guid>
      <description>blablabla anglais</description>
    </item>
    
    <item>
      <title>Marriage</title>
      <link>http://www.masimpa.com/en/projects/mariage/</link>
      <pubDate>Thu, 15 Jul 2021 00:00:00 +0000</pubDate>
      
      <guid>http://www.masimpa.com/en/projects/mariage/</guid>
      <description>blabla mariage anglais</description>
    </item>
    
  </channel>
</rss>
