<?xml version="1.0" encoding="utf-8" standalone="yes"?>
<rss version="2.0" xmlns:atom="http://www.w3.org/2005/Atom">
  <channel>
    <title>Projets on Masimpa Productions</title>
    <link>http://localhost:1313/lumina/projets/</link>
    <description>Recent content in Projets on Masimpa Productions</description>
    <generator>Hugo -- gohugo.io</generator>
    <language>fr</language>
    <copyright>Copyright © 2023 Masimpa Productions</copyright>
    <lastBuildDate>Thu, 15 Jul 2021 00:00:00 +0000</lastBuildDate><atom:link href="http://localhost:1313/lumina/projets/index.xml" rel="self" type="application/rss+xml" />
    <item>
      <title>Biographies</title>
      <link>http://localhost:1313/lumina/projets/biographies/</link>
      <pubDate>Thu, 15 Jul 2021 00:00:00 +0000</pubDate>
      
      <guid>http://localhost:1313/lumina/projets/biographies/</guid>
      <description>Voici ce que vous pouvez écrire sur votre site à destination des clients concernant la création de films biographiques où les personnes parlent d&amp;rsquo;elles-mêmes pour laisser une trace :
&amp;nbsp;
Titre : &#34;Immortalisez votre histoire avec nos films biographiques personnalisés&#34;&amp;nbsp;
Paragraphe 1 :&amp;nbsp;
Chez [Nom de votre entreprise], nous croyons en l&#39;importance de préserver les histoires et les expériences de vie uniques. Nos films biographiques personnalisés vous permettent de raconter votre propre histoire, de partager vos souvenirs et de laisser une trace pour les générations futures.</description>
    </item>
    
    <item>
      <title>Entreprises</title>
      <link>http://localhost:1313/lumina/projets/entreprises/</link>
      <pubDate>Thu, 15 Jul 2021 00:00:00 +0000</pubDate>
      
      <guid>http://localhost:1313/lumina/projets/entreprises/</guid>
      <description>Qu&#39;est-ce qu&#39;un film institutionnel ?&amp;nbsp;
&amp;nbsp;Un film institutionnel est bien plus qu&#39;une simple vidéo d&#39;entreprise. C&#39;est un outil puissant qui raconte l&#39;histoire de votre entreprise, met en avant vos valeurs, vos produits et services, et renforce votre image de marque. Chez Mille Routes, Une Vie, nous comprenons l&#39;importance de créer un film institutionnel unique et percutant qui reflète l&#39;essence de votre entreprise.
&amp;nbsp;
&amp;nbsp;
Les différents types de films institutionnels que nous proposons&amp;nbsp;</description>
    </item>
    
    <item>
      <title>Mariages</title>
      <link>http://localhost:1313/lumina/projets/mariages/</link>
      <pubDate>Thu, 15 Jul 2021 00:00:00 +0000</pubDate>
      
      <guid>http://localhost:1313/lumina/projets/mariages/</guid>
      <description>Si vous cherchez à immortaliser vos événements familiaux tels que les mariages, les anniversaires ou autres, la production de films est un excellent moyen de capturer ces moments précieux. Voici ce que vous devez savoir sur la production de films pour les événements familiaux :
&amp;nbsp;
Les différents types de films pour les événements familiaux :&amp;nbsp;
Il existe plusieurs types de films pour les événements familiaux, notamment :&amp;nbsp;</description>
    </item>
    
    <item>
      <title>Scénarios</title>
      <link>http://localhost:1313/lumina/projets/scenarios/</link>
      <pubDate>Thu, 15 Jul 2021 00:00:00 +0000</pubDate>
      
      <guid>http://localhost:1313/lumina/projets/scenarios/</guid>
      <description>&amp;nbsp;
Voici ce que vous pouvez écrire sur votre site à destination des clients concernant l&#39;accompagnement à l&#39;écriture de scénarios :&amp;nbsp;
Titre : &#34;Donnez vie à vos histoires avec notre accompagnement à l&#39;écriture de scénarios&#34;&amp;nbsp;
Paragraphe 1 :&amp;nbsp;
Chez [Nom de votre entreprise], nous sommes passionnés par l&#39;art de raconter des histoires. Nous offrons un accompagnement personnalisé pour vous aider à développer et à écrire vos scénarios, que ce soit pour le cinéma, la télévision ou d&#39;autres médias.</description>
    </item>
    
    <item>
      <title>Spectacles</title>
      <link>http://localhost:1313/lumina/projets/spectacles/</link>
      <pubDate>Thu, 15 Jul 2021 00:00:00 +0000</pubDate>
      
      <guid>http://localhost:1313/lumina/projets/spectacles/</guid>
      <description>Voici ce que vous pouvez écrire sur votre site à destination des clients concernant la captation de spectacles :
&amp;nbsp;
Titre : &#34;Revivez vos spectacles préférés avec nos captations vidéo professionnelles&#34;&amp;nbsp;
Paragraphe 1 :&amp;nbsp;
Chez [Nom de votre entreprise], nous sommes spécialisés dans la captation vidéo professionnelle de spectacles vivants. Nous vous offrons la possibilité de revivre vos spectacles préférés, de les partager avec vos amis et votre famille, et de les conserver pour les générations futures.</description>
    </item>
    
  </channel>
</rss>
