<?xml version="1.0" encoding="utf-8" standalone="yes"?>

	<browserconfig>
		<msapplication>
			<tile>
				 
					 
					 
					 
					
					<square70x70logo src="http://www.masimpa.com/img/favicon_hu546703baadbac0de87b2f81dc4001b45_20430_70x70_resize_catmullrom_3.png" />
					<square150x150logo src="http://www.masimpa.com/img/favicon_hu546703baadbac0de87b2f81dc4001b45_20430_150x150_resize_catmullrom_3.png" />
					<wide310x150logo src="http://www.masimpa.com/img/favicon_hu546703baadbac0de87b2f81dc4001b45_20430_310x150_fill_catmullrom_smart1_3.png" />
					<square310x310logo src="http://www.masimpa.com/img/favicon_hu546703baadbac0de87b2f81dc4001b45_20430_310x310_resize_catmullrom_3.png" />
				
				<TileColor>#000000</TileColor>
			</tile>
		</msapplication>
	</browserconfig>
