<?xml version="1.0" encoding="utf-8" standalone="yes"?>
<rss version="2.0" xmlns:atom="http://www.w3.org/2005/Atom">
  <channel>
    <title>Masimpa Productions</title>
    <link>http://www.masimpa.com/</link>
    <description>Recent content on Masimpa Productions</description>
    <generator>Hugo -- gohugo.io</generator>
    <language>fr</language>
    <copyright>Copyright © 2023 Masimpa Productions</copyright><atom:link href="http://www.masimpa.com/index.xml" rel="self" type="application/rss+xml" />
    <item>
      <title>45850</title>
      <link>http://www.masimpa.com/productions/45850/</link>
      <pubDate>Sat, 20 May 2023 00:00:00 +0000</pubDate>
      
      <guid>http://www.masimpa.com/productions/45850/</guid>
      <description>&amp;nbsp;
&amp;nbsp;
Un condamn&amp;eacute; &amp;agrave; mort attend son ex&amp;eacute;cution &amp;ndash; chaque jour &amp;ndash; depuis une trentaine d&amp;apos;ann&amp;eacute;es. Un jour, une jeune inconnue lui rend visite dans sa cellule.
&amp;nbsp;
Librement inspir&amp;eacute; du roman de Victor Hugo, Le dernier jour d&amp;apos;un condamn&amp;eacute;.
&amp;nbsp;
R&amp;eacute;alisateur&amp;nbsp;: Horia Pop
Auteur&amp;nbsp;: Horia Pop
Casting&amp;nbsp;: Horia Pop, assist&amp;eacute; de Marion Zantedeschi, Tiffany Sanda
&amp;nbsp;
Festival de Istanbul International Spring Film Festival &amp;ndash; Mention d&amp;apos;Honneur
Festival de Black Cat International Film Festival &amp;ndash; S&amp;eacute;lection Officielle</description>
    </item>
    
    <item>
      <title>Cave La Madeleine</title>
      <link>http://www.masimpa.com/productions/madelaine/</link>
      <pubDate>Sat, 20 May 2023 00:00:00 +0000</pubDate>
      
      <guid>http://www.masimpa.com/productions/madelaine/</guid>
      <description>&amp;nbsp;
&amp;nbsp;
Un domaine viticole familial niché entre Manosque et Volx – au Sud des Alpes – sur des pentes bien drainées exposées sud-est. Ici, la tradition se mêle intensément à la passion pour le vin, décliné en Rouge, en Blanc ou Rosé, – pour un voyage authentique.
&amp;nbsp;
Cr&amp;eacute;ation originale : Horia Pop
Captation : Lucas Yahiaoui-Bernole
Montage : Horia Pop
Musique : Henri Salvador, Ma petite fleur.</description>
    </item>
    
    <item>
      <title>Célestin</title>
      <link>http://www.masimpa.com/productions/celestin/</link>
      <pubDate>Sat, 20 May 2023 00:00:00 +0000</pubDate>
      
      <guid>http://www.masimpa.com/productions/celestin/</guid>
      <description>&amp;nbsp;
&amp;nbsp;
C&amp;eacute;lestin, jeune homme na&amp;iuml;f et plein d&amp;apos;imagination r&amp;ecirc;ve d&amp;apos;obtenir enfin son premier r&amp;ocirc;le au cin&amp;eacute;ma. Mais sur la route vers la gloire, il y a les castings, les directeurs de castings et... une demi-moustache terriblement embarrassante&amp;nbsp;!
&amp;nbsp;
Librement inspir&amp;eacute; d&amp;apos;un &amp;eacute;pisode de ma vie.
&amp;nbsp;
R&amp;eacute;alisateur&amp;nbsp;: Horia Pop
Auteur&amp;nbsp;: Horia Pop
Casting : Horia Pop, assist&amp;eacute; de Marion Zantedeschi
&amp;nbsp;
&amp;nbsp;</description>
    </item>
    
    <item>
      <title>Dans ma cabane</title>
      <link>http://www.masimpa.com/productions/dans_ma_cabane/</link>
      <pubDate>Sat, 20 May 2023 00:00:00 +0000</pubDate>
      
      <guid>http://www.masimpa.com/productions/dans_ma_cabane/</guid>
      <description>&amp;nbsp;
&amp;nbsp;
&amp;laquo;&amp;nbsp;Je grandis, je me transforme&amp;hellip; La m&amp;eacute;tamorphose op&amp;egrave;re au fil du temps et des saisons. Les habits sont devenus trop petits, c&amp;rsquo;est ma construction qui se poursuit. Au pied de l&amp;rsquo;arbre d&amp;rsquo;o&amp;ugrave; tombent les feuilles et sortent les bribes d&amp;rsquo;une vie d&amp;rsquo;enfant, se fabrique ma cabane, fragile et provisoire. Les feuilles rentrent par la fen&amp;ecirc;tre, les fruits tombent des branches, la cabane se fabrique et se d&amp;eacute;place pendant que l&amp;rsquo;arbre prolonge ses racines pour ancrer mon histoire.</description>
    </item>
    
    <item>
      <title>Toute rencontre est un mystère divin</title>
      <link>http://www.masimpa.com/productions/batiste_celine/</link>
      <pubDate>Sat, 20 May 2023 00:00:00 +0000</pubDate>
      
      <guid>http://www.masimpa.com/productions/batiste_celine/</guid>
      <description>&amp;nbsp;
&amp;nbsp;
En partant de photos et de vid&amp;eacute;os de famille, des ann&amp;eacute;es 1980 &amp;agrave; aujourd&amp;apos;hui, &amp;ndash; ce petit film de mariage se laisse voir et entendre sans mod&amp;eacute;ration ! Les rires et les larmes s&amp;apos;entrem&amp;ecirc;lent dans ce voyage d&amp;apos;amour &amp;ndash; pour le plaisir des petits et des plus grands...
&amp;nbsp;
Cr&amp;eacute;ation originale :&amp;nbsp;Horia Pop
Montage&amp;nbsp;: Horia Pop
Montage : Horia Pop
Musique : Aguirre Pt1 Popol Vuh ; His morning promenade de Chaplin ; Hora Primaverii, musique</description>
    </item>
    
    <item>
      <title>A propos</title>
      <link>http://www.masimpa.com/about/</link>
      <pubDate>Mon, 11 Apr 2022 00:00:00 +0000</pubDate>
      
      <guid>http://www.masimpa.com/about/</guid>
      <description>Horia Pop a exerc&amp;eacute; mille et un m&amp;eacute;tiers avant de revenir vers son premier amour&amp;nbsp;: le cin&amp;eacute;ma.
&amp;nbsp;
En 2019, sa premi&amp;egrave;re nouvelle est publi&amp;eacute;e aux &amp;Eacute;tats-Unis chez Montana Mouthful. Depuis, c&amp;apos;est une histoire d&amp;apos;amour qui continue avec d&amp;apos;autres nouvelles publi&amp;eacute;es r&amp;eacute;guli&amp;egrave;rement dans divers magazines litt&amp;eacute;raires.
&amp;nbsp;
En 2021, il atterrit dans une agence de communication solidaire &amp;agrave; Miramas. On lui confie alors une cam&amp;eacute;ra, des logiciels de montage et un ordinateur.</description>
    </item>
    
    <item>
      <title>Biographies</title>
      <link>http://www.masimpa.com/projets/biographies/</link>
      <pubDate>Thu, 15 Jul 2021 00:00:00 +0000</pubDate>
      
      <guid>http://www.masimpa.com/projets/biographies/</guid>
      <description>Voici ce que vous pouvez écrire sur votre site à destination des clients concernant la création de films biographiques où les personnes parlent d&amp;rsquo;elles-mêmes pour laisser une trace :
&amp;nbsp;
Titre : &#34;Immortalisez votre histoire avec nos films biographiques personnalisés&#34;&amp;nbsp;
Paragraphe 1 :&amp;nbsp;
Chez [Nom de votre entreprise], nous croyons en l&#39;importance de préserver les histoires et les expériences de vie uniques. Nos films biographiques personnalisés vous permettent de raconter votre propre histoire, de partager vos souvenirs et de laisser une trace pour les générations futures.</description>
    </item>
    
    <item>
      <title>Entreprise</title>
      <link>http://www.masimpa.com/projects/entreprise/</link>
      <pubDate>Thu, 15 Jul 2021 00:00:00 +0000</pubDate>
      
      <guid>http://www.masimpa.com/projects/entreprise/</guid>
      <description>blabla évenement</description>
    </item>
    
    <item>
      <title>Entreprises</title>
      <link>http://www.masimpa.com/projets/entreprises/</link>
      <pubDate>Thu, 15 Jul 2021 00:00:00 +0000</pubDate>
      
      <guid>http://www.masimpa.com/projets/entreprises/</guid>
      <description>Qu&#39;est-ce qu&#39;un film institutionnel ?&amp;nbsp;
&amp;nbsp;Un film institutionnel est bien plus qu&#39;une simple vidéo d&#39;entreprise. C&#39;est un outil puissant qui raconte l&#39;histoire de votre entreprise, met en avant vos valeurs, vos produits et services, et renforce votre image de marque. Chez Mille Routes, Une Vie, nous comprenons l&#39;importance de créer un film institutionnel unique et percutant qui reflète l&#39;essence de votre entreprise.
&amp;nbsp;
&amp;nbsp;
Les différents types de films institutionnels que nous proposons&amp;nbsp;</description>
    </item>
    
    <item>
      <title>Evenement</title>
      <link>http://www.masimpa.com/projects/evenements/</link>
      <pubDate>Thu, 15 Jul 2021 00:00:00 +0000</pubDate>
      
      <guid>http://www.masimpa.com/projects/evenements/</guid>
      <description>blabla évenement</description>
    </item>
    
    <item>
      <title>Interview</title>
      <link>http://www.masimpa.com/projects/interview/</link>
      <pubDate>Thu, 15 Jul 2021 00:00:00 +0000</pubDate>
      
      <guid>http://www.masimpa.com/projects/interview/</guid>
      <description>blabla interview</description>
    </item>
    
    <item>
      <title>Mariage</title>
      <link>http://www.masimpa.com/projects/mariage/</link>
      <pubDate>Thu, 15 Jul 2021 00:00:00 +0000</pubDate>
      
      <guid>http://www.masimpa.com/projects/mariage/</guid>
      <description>blabla mariage</description>
    </item>
    
    <item>
      <title>Mariages</title>
      <link>http://www.masimpa.com/projets/mariages/</link>
      <pubDate>Thu, 15 Jul 2021 00:00:00 +0000</pubDate>
      
      <guid>http://www.masimpa.com/projets/mariages/</guid>
      <description>Si vous cherchez à immortaliser vos événements familiaux tels que les mariages, les anniversaires ou autres, la production de films est un excellent moyen de capturer ces moments précieux. Voici ce que vous devez savoir sur la production de films pour les événements familiaux :
&amp;nbsp;
Les différents types de films pour les événements familiaux :&amp;nbsp;
Il existe plusieurs types de films pour les événements familiaux, notamment :&amp;nbsp;</description>
    </item>
    
    <item>
      <title>Scénarios</title>
      <link>http://www.masimpa.com/projets/scenarios/</link>
      <pubDate>Thu, 15 Jul 2021 00:00:00 +0000</pubDate>
      
      <guid>http://www.masimpa.com/projets/scenarios/</guid>
      <description>&amp;nbsp;
Voici ce que vous pouvez écrire sur votre site à destination des clients concernant l&#39;accompagnement à l&#39;écriture de scénarios :&amp;nbsp;
Titre : &#34;Donnez vie à vos histoires avec notre accompagnement à l&#39;écriture de scénarios&#34;&amp;nbsp;
Paragraphe 1 :&amp;nbsp;
Chez [Nom de votre entreprise], nous sommes passionnés par l&#39;art de raconter des histoires. Nous offrons un accompagnement personnalisé pour vous aider à développer et à écrire vos scénarios, que ce soit pour le cinéma, la télévision ou d&#39;autres médias.</description>
    </item>
    
    <item>
      <title>Spectacles</title>
      <link>http://www.masimpa.com/projets/spectacles/</link>
      <pubDate>Thu, 15 Jul 2021 00:00:00 +0000</pubDate>
      
      <guid>http://www.masimpa.com/projets/spectacles/</guid>
      <description>Voici ce que vous pouvez écrire sur votre site à destination des clients concernant la captation de spectacles :
&amp;nbsp;
Titre : &#34;Revivez vos spectacles préférés avec nos captations vidéo professionnelles&#34;&amp;nbsp;
Paragraphe 1 :&amp;nbsp;
Chez [Nom de votre entreprise], nous sommes spécialisés dans la captation vidéo professionnelle de spectacles vivants. Nous vous offrons la possibilité de revivre vos spectacles préférés, de les partager avec vos amis et votre famille, et de les conserver pour les générations futures.</description>
    </item>
    
    <item>
      <title></title>
      <link>http://www.masimpa.com/browserconfig.xml</link>
      <pubDate>Mon, 01 Jan 0001 00:00:00 +0000</pubDate>
      
      <guid>http://www.masimpa.com/browserconfig.xml</guid>
      <description></description>
    </item>
    
    <item>
      <title>Contact</title>
      <link>http://www.masimpa.com/contact/</link>
      <pubDate>Mon, 01 Jan 0001 00:00:00 +0000</pubDate>
      
      <guid>http://www.masimpa.com/contact/</guid>
      <description>Veuillez renseigner les champs ci dessous pour nous envoyer un mail
Votre nomAdresse e-mailMessage</description>
    </item>
    
  </channel>
</rss>
