<?xml version="1.0" encoding="utf-8" standalone="yes"?>
<rss version="2.0" xmlns:atom="http://www.w3.org/2005/Atom">
  <channel>
    <title>evenement on Masimpa Productions</title>
    <link>http://localhost:1313/lumina/tags/evenement/</link>
    <description>Recent content in evenement on Masimpa Productions</description>
    <generator>Hugo -- gohugo.io</generator>
    <language>fr</language>
    <copyright>Copyright © 2023 Masimpa Productions</copyright>
    <lastBuildDate>Thu, 15 Jul 2021 00:00:00 +0000</lastBuildDate><atom:link href="http://localhost:1313/lumina/tags/evenement/index.xml" rel="self" type="application/rss+xml" />
    <item>
      <title>Evenement</title>
      <link>http://localhost:1313/lumina/projects/evenements/</link>
      <pubDate>Thu, 15 Jul 2021 00:00:00 +0000</pubDate>
      
      <guid>http://localhost:1313/lumina/projects/evenements/</guid>
      <description>blabla évenement</description>
    </item>
    
    <item>
      <title>Spectacles</title>
      <link>http://localhost:1313/lumina/projets/spectacles/</link>
      <pubDate>Thu, 15 Jul 2021 00:00:00 +0000</pubDate>
      
      <guid>http://localhost:1313/lumina/projets/spectacles/</guid>
      <description>Voici ce que vous pouvez écrire sur votre site à destination des clients concernant la captation de spectacles :
&amp;nbsp;
Titre : &#34;Revivez vos spectacles préférés avec nos captations vidéo professionnelles&#34;&amp;nbsp;
Paragraphe 1 :&amp;nbsp;
Chez [Nom de votre entreprise], nous sommes spécialisés dans la captation vidéo professionnelle de spectacles vivants. Nous vous offrons la possibilité de revivre vos spectacles préférés, de les partager avec vos amis et votre famille, et de les conserver pour les générations futures.</description>
    </item>
    
  </channel>
</rss>
