<?xml version="1.0" encoding="utf-8" standalone="yes"?>
<rss version="2.0" xmlns:atom="http://www.w3.org/2005/Atom">
  <channel>
    <title>interview on Masimpa Productions</title>
    <link>http://www.masimpa.com/en/tags/interview/</link>
    <description>Recent content in interview on Masimpa Productions</description>
    <generator>Hugo -- gohugo.io</generator>
    <language>en</language>
    <copyright>Copyright © 2023 Masimpa Productions</copyright>
    <lastBuildDate>Sat, 20 May 2023 00:00:00 +0000</lastBuildDate><atom:link href="http://www.masimpa.com/en/tags/interview/index.xml" rel="self" type="application/rss+xml" />
    <item>
      <title>Titre Vidéo 8 anglais</title>
      <link>http://www.masimpa.com/en/blog/realisation_8/</link>
      <pubDate>Sat, 20 May 2023 00:00:00 +0000</pubDate>
      
      <guid>http://www.masimpa.com/en/blog/realisation_8/</guid>
      <description>blablabla anglais</description>
    </item>
    
    <item>
      <title>Interview</title>
      <link>http://www.masimpa.com/en/projects/interview/</link>
      <pubDate>Thu, 15 Jul 2021 00:00:00 +0000</pubDate>
      
      <guid>http://www.masimpa.com/en/projects/interview/</guid>
      <description>blabla interview anglais</description>
    </item>
    
  </channel>
</rss>
